2019-11-12 13:57:02 RON tcb_2, test:12, attempt 1
2019-11-12 13:57:07 RON tcb_2, test:12, attempt 2
2019-11-12 13:58:11 RON tcb_2, test:12, attempt 1
2019-11-12 13:58:13 RON tcb_2, test:12, attempt 2
2019-11-12 13:58:15 RON tcb_2, test:12, attempt 3
2019-11-12 13:58:17 RON tcb_2, test:12, attempt 4
2019-11-12 13:58:19 RON tcb_2, test:12, attempt 5
2019-11-12 13:58:21 RON ndb_2, test:12, attempt 1
2019-11-12 13:58:23 RON ndb_2, test:12, attempt 2
2019-11-12 13:58:25 RON ndb_2, test:12, attempt 3
2019-11-12 13:58:28 RON ndb_2, test:12, attempt 4
2019-11-12 13:58:30 RON ndb_2, test:12, attempt 5
2019-11-12 13:58:32 RON ndb_2, test:12, attempt 6
2019-11-12 13:58:34 RON ndb_2, test:12, attempt 7
2019-11-12 13:58:36 RON ndb_2, test:12, attempt 8
2019-11-12 13:58:38 RON ndb_2, test:12, attempt 9
2019-11-12 13:58:40 RON ndb_3, test:12, attempt 1
2019-11-12 13:58:42 RON ndb_3, test:12, attempt 2
2019-11-12 13:58:44 RON ndb_3, test:12, attempt 3
2019-11-12 13:58:46 RON ndb_3, test:12, attempt 4
2019-11-12 13:58:48 RON ndb_3, test:12, attempt 5
2019-11-12 13:58:50 RON ndb_3, test:12, attempt 6
2019-11-12 13:58:52 RON ndb_3, test:12, attempt 7
2019-11-12 13:58:54 RON ndb_3, test:12, attempt 8
2019-11-12 13:58:56 RON ndb_3, test:12, attempt 9
2019-11-12 13:58:58 RON ndb_4, test:12, attempt 1
2019-11-12 13:59:00 RON ndb_4, test:12, attempt 2
2019-11-12 13:59:02 RON ndb_4, test:12, attempt 3
2019-11-12 13:59:05 RON ndb_4, test:12, attempt 4
2019-11-12 13:59:07 RON ndb_4, test:12, attempt 5
2019-11-12 13:59:09 RON ndb_4, test:12, attempt 6
2019-11-12 13:59:11 RON ndb_4, test:12, attempt 7
2019-11-12 13:59:13 RON ndb_4, test:12, attempt 8
2019-11-12 13:59:15 RON ndb_4, test:12, attempt 9
2019-11-12 14:00:13 RON tcb_2, test:12, attempt 1
2019-11-12 14:00:15 RON tcb_2, test:12, attempt 2
2019-11-12 14:00:17 RON tcb_2, test:12, attempt 3
2019-11-12 14:00:19 RON tcb_2, test:12, attempt 4
2019-11-12 14:00:21 RON tcb_2, test:12, attempt 5
2019-11-12 16:24:48 ROFF tcb_2, test:1, attempt 1
2019-11-12 16:24:50 ROFF tcb_2, test:1, attempt 2
2019-11-12 16:24:52 ROFF tcb_2, test:1, attempt 3
2019-11-12 16:24:54 ROFF tcb_2, test:1, attempt 4
2019-11-12 16:24:56 ROFF tcb_2, test:1, attempt 5
2019-11-12 16:24:58 ROFF ndb_2, test:1, attempt 1
2019-11-12 16:25:00 ROFF ndb_2, test:1, attempt 2
2019-11-12 16:25:03 ROFF ndb_2, test:1, attempt 3
2019-11-12 16:25:05 ROFF ndb_2, test:1, attempt 4
2019-11-12 16:25:07 ROFF ndb_2, test:1, attempt 5
2019-11-12 16:25:09 ROFF ndb_3, test:1, attempt 1
2019-11-12 16:25:11 ROFF ndb_3, test:1, attempt 2
2019-11-12 16:25:36 ROFF tcb_2, test:1, attempt 1
2019-11-12 16:25:38 ROFF tcb_2, test:1, attempt 2
2019-11-12 16:25:40 ROFF tcb_2, test:1, attempt 3
2019-11-12 16:25:42 ROFF tcb_2, test:1, attempt 4
2019-11-12 16:25:44 ROFF tcb_2, test:1, attempt 5
2019-11-12 16:25:46 ROFF ndb_2, test:1, attempt 1
2019-11-12 16:25:48 ROFF ndb_2, test:1, attempt 2
2019-11-12 16:25:50 ROFF ndb_2, test:1, attempt 3
2019-11-12 16:25:52 ROFF ndb_2, test:1, attempt 4
2019-11-12 16:25:54 ROFF ndb_2, test:1, attempt 5
2019-11-12 16:25:56 ROFF ndb_3, test:1, attempt 1
2019-11-12 16:25:58 ROFF ndb_3, test:1, attempt 2
2019-11-12 16:26:00 ROFF ndb_3, test:1, attempt 3
2019-11-12 16:26:02 ROFF ndb_3, test:1, attempt 4
2019-11-12 16:26:04 ROFF ndb_3, test:1, attempt 5
2019-11-12 16:26:06 ROFF ndb_3, test:1, attempt 6
2019-11-12 16:26:08 ROFF ndb_3, test:1, attempt 7
2019-11-12 16:26:10 ROFF ndb_3, test:1, attempt 8
2019-11-12 16:26:12 ROFF ndb_3, test:1, attempt 9
2019-11-12 16:26:15 ROFF ndb_4, test:1, attempt 1
2019-11-12 16:26:17 ROFF ndb_4, test:1, attempt 2
2019-11-12 16:26:19 ROFF ndb_4, test:1, attempt 3
2019-11-12 16:26:21 ROFF ndb_4, test:1, attempt 4
2019-11-12 16:26:23 ROFF ndb_4, test:1, attempt 5
2019-11-12 16:26:25 ROFF ndb_4, test:1, attempt 6
2019-11-12 16:26:27 ROFF ndb_4, test:1, attempt 7
2019-11-12 16:26:29 ROFF ndb_4, test:1, attempt 8
2019-11-12 16:26:31 ROFF ndb_4, test:1, attempt 9
2019-11-12 16:26:36 RON ndb_2, test:1, attempt 1
2019-11-12 16:26:38 RON ndb_2, test:1, attempt 2
2019-11-12 16:26:40 RON ndb_2, test:1, attempt 3
2019-11-12 16:26:42 RON ndb_2, test:1, attempt 4
2019-11-12 16:26:44 RON ndb_2, test:1, attempt 5
2019-11-12 16:26:46 RON ndb_2, test:1, attempt 6
2019-11-12 16:26:48 RON ndb_2, test:1, attempt 7
2019-11-12 16:26:50 RON ndb_2, test:1, attempt 8
2019-11-12 16:26:52 RON ndb_2, test:1, attempt 9
2019-11-12 16:26:54 RON ndb_2, test:1, attempt 1
2019-11-12 16:26:56 RON ndb_2, test:1, attempt 2
2019-11-12 16:26:58 RON ndb_2, test:1, attempt 3
2019-11-12 16:27:00 RON ndb_2, test:1, attempt 4
2019-11-12 16:27:02 RON ndb_2, test:1, attempt 5
